nr,genre,source,local_copy,bytes,sha256
1,01_deep-house,/mnt/storage/03_MEDIEN/schattenmacher/Musik/Daniel Musique/Music/George Fitzgerald/The Sound Of Deep House - Ministry Of Sound/21 Child.mp3,sendung_01/audio/01__21 Child.mp3,16032136,553775ac51d4bb1df45a87e03b1ec39658edf0eb52aae9d206bded7928a41f2a
2,01_deep-house,/mnt/storage/03_MEDIEN/schattenmacher/Musik/Daniel Musique/Music/Toyboy & Robin/The Sound Of Deep House - Ministry Of Sound/13 Jaded.mp3,sendung_01/audio/02__13 Jaded.mp3,11265525,54337519cdbde0bf0f2251c0b192e2dd5a0ef25db062c7b58b58a25bd48de49c
3,01_deep-house,/mnt/storage/03_MEDIEN/schattenmacher/Musik/Daniel Musique/Music/Dusky/The Sound Of Deep House - Ministry Of Sound/17 Flo Jam.mp3,sendung_01/audio/03__17 Flo Jam.mp3,19056433,713d0eb099f3510fcebaab3938acda5e0a722ccc0b69ecc987d6145f07c5be30
4,01_deep-house,"/mnt/storage/03_MEDIEN/schattenmacher/Musik/Daniel Musique/Music/Schwarz & Funk/Deep House Stories, Volume Two/Good Fellas.mp3",sendung_01/audio/04__Good Fellas.mp3,22572750,a994a2895664087d20c1f02b53dcc75e47c7dfd520552d0abcac592519beab69
5,02_house,/mnt/storage/03_MEDIEN/schattenmacher/Musik/Daniel Musique/Alle Musikarten/house techno hiphop/H/House/Dd257.mp3,sendung_01/audio/05__Dd257.mp3,2890952,8345492f9127dcaa9e6beae1bf1e5982e623cfbef0964e213685db24b3806ee3
6,02_house,/mnt/storage/03_MEDIEN/schattenmacher/Musik/Daniel Musique/Alle Musikarten/house techno hiphop/H/House/House Mix.mp3,sendung_01/audio/06__House Mix.mp3,1407199,e7a84b69fecfc35544ffee597e3f07946afbd04876d401512201be6bae4b2ac7
7,02_house,/mnt/storage/03_MEDIEN/schattenmacher/Musik/Daniel Musique/Alle Musikarten/house techno hiphop/H/House/Electro House.mp3,sendung_01/audio/07__Electro House.mp3,7118320,780c1b50a5f46fbac10c0a1503a76285dd11d79f37712fbe459ab53f8bca3667
8,02_house,/mnt/storage/03_MEDIEN/schattenmacher/Musik/Daniel Musique/Alle Musikarten/house techno hiphop/H/House/House Mix (1).mp3,sendung_01/audio/08__House Mix (1).mp3,5957428,eaa2927920952b26e47ea1fe3096ef5f9724f190e596d39f5cab4433fe2435dd
9,03_techno,/mnt/storage/03_MEDIEN/schattenmacher/Musik/Daniel Musique/Alle Musikarten/house techno hiphop/G/Global Deejays/o.mp3,sendung_01/audio/09__o.mp3,3455234,e6c81e813a5d59e0587e05c9ca4acc6d2e0aad744e2e635695f2c8ad0f5a3ff3
10,03_techno,/mnt/storage/03_MEDIEN/schattenmacher/Musik/Daniel Musique/Alle Musikarten/house techno hiphop/K/Kash/08.mp3,sendung_01/audio/10__08.mp3,6278228,4314256a58037bcce8b59c41507c5389c76e4f000232126a23b5d4dc12751d09
11,03_techno,/mnt/storage/03_MEDIEN/schattenmacher/Musik/Daniel Musique/Alle Musikarten/house techno hiphop/G/Goa/Psy.mp3,sendung_01/audio/11__Psy.mp3,6408116,b55e0e4e0426ac5438f64344d1fec0982225d986918abcaa50364ec6f0c7ae83
12,03_techno,/mnt/storage/03_MEDIEN/schattenmacher/Musik/Daniel Musique/Alle Musikarten/house techno hiphop/J/James Moony/ruff/HOW.mp3,sendung_01/audio/12__HOW.mp3,4113938,5a4fb89862d6def5c94ebd293f0bc7e2ef23a5cd2b5a0ed5aad7bfb9d3eef655
13,04_trance,/mnt/storage/03_MEDIEN/schattenmacher/Musik/Daniel Musique/Musica  Don Vito/MUSICA ELECTRO HOUSE TRANCE/Wolfgang Gartner - Weekend In America [320-MP3][2011]-AmULet/818.mp3,sendung_01/audio/13__818.mp3,13627656,3d82f27a151b572c768fb843a72bc793421ef34fedb339f0d75f456c11e885ea
14,04_trance,/mnt/storage/03_MEDIEN/schattenmacher/Musik/Daniel Musique/Musica  Don Vito/MUSICA ELECTRO HOUSE TRANCE/Calvin Harris - 18 Months (iTunes Deluxe Edition)/Iron.mp3,sendung_01/audio/14__Iron.mp3,9007639,c669a828bf49d8e42a27f18dd45a8718ba355d052cfd5000837dffebe94d2f37
15,04_trance,/mnt/storage/03_MEDIEN/schattenmacher/Musik/Daniel Musique/Musica  Don Vito/MUSICA ELECTRO HOUSE TRANCE/Hardwell Singles/Beta.mp3,sendung_01/audio/15__Beta.mp3,14131251,83aa22425a901a3619f999406a4d619ad45181d1135079aa07238841e7b38a3a
16,04_trance,/mnt/storage/03_MEDIEN/schattenmacher/Musik/Daniel Musique/Musica  Don Vito/MUSICA ELECTRO HOUSE TRANCE/Hardwell Singles/Cobra.mp3,sendung_01/audio/16__Cobra.mp3,16391062,dc0eb3c1739f5c4daccae550a3e0fd701d6bc0d1a49f253c6a2c7676a80cef69
17,05_electro,/mnt/storage/03_MEDIEN/schattenmacher/Musik/Daniel Musique/Electro/Orbital - 7 Albums/Orbital - Blue Album (2004)/5-Lost.mp3,sendung_01/audio/17__5-Lost.mp3,7444027,9c27d8f6ace5db437fb6c1fdba59ec13ebb6ab8f4ef4e99720754552ef8ce924
18,05_electro,/mnt/storage/03_MEDIEN/schattenmacher/Musik/Daniel Musique/Electro/Anja Schneider/Beyond the Valley/02 Mole.mp3,sendung_01/audio/18__02 Mole.mp3,7993859,b7ac80a7546e41bc8e87dbedb8d4f2b5b8bdbe0341496115e796937f0b529311
19,05_electro,/mnt/storage/03_MEDIEN/schattenmacher/Musik/Daniel Musique/Electro/Anja Schneider/Beyond the Valley/03 Maki.mp3,sendung_01/audio/19__03 Maki.mp3,9992535,0fd3878423f0b34889962cc7761955c4bd5405f6215e49d129afe265abee66e3
20,05_electro,/mnt/storage/03_MEDIEN/schattenmacher/Musik/Daniel Musique/Electro/Buraka Som Sistema - [2008] Black Diamond/06 Ic19.mp3,sendung_01/audio/20__06 Ic19.mp3,5910158,ffd1d21ddc0d0e9a963f8d137c4572508a90378ab3c21286957616cd58fd86e2
21,06_edm-dance,/mnt/storage/03_MEDIEN/schattenmacher/Musik/Daniel Musique/reggae/Dancehall-Reggae/HotWuk.mp3,sendung_01/audio/21__HotWuk.mp3,14401536,96676aa6ba59bda869ddb02b8b0dbc72f153cf25bf1853040075c9035a6dc60d
22,06_edm-dance,/mnt/storage/03_MEDIEN/schattenmacher/Musik/Daniel Musique/reggae/Dancehall-Reggae/S720-1.mp3,sendung_01/audio/22__S720-1.mp3,1458114,641f3ab9520be790fd2d71c682a33bbe84daa93061d7b37de74934e8a8806126
23,06_edm-dance,/mnt/storage/03_MEDIEN/schattenmacher/Musik/Daniel Musique/Music/Jamiroquai/Travelling Without Moving/Alright.mp3,sendung_01/audio/23__Alright.mp3,4246969,bab6ea909c8418d6a9475aadc3558e58e596661b08c27eaae23792af67ea3368
24,06_edm-dance,/mnt/storage/03_MEDIEN/schattenmacher/Musik/Daniel Musique/Music/Jan Delay/Mercedes-Dance/02 Klar.mp3,sendung_01/audio/24__02 Klar.mp3,5940358,c055b8cb0a2f43d54060c53c4ac65d42acd257938243a7f286ec8f49233875b7
25,07_downtempo,/mnt/storage/03_MEDIEN/schattenmacher/Musik/Daniel Musique/Music/JAMIRO QUAI/Unknown Album/COSMIC GIRL.mp3,sendung_01/audio/25__COSMIC GIRL.mp3,3932041,c21b95252295d8a1dad9831a481dddfc8f227df53762e007fd137096afe1df0c
26,07_downtempo,/mnt/storage/03_MEDIEN/schattenmacher/Musik/Daniel Musique/Musica  Don Vito/MUSICA 2000+/Jamiroquai - High Times Singles[www.lokotorrents.com][mp3]/Jamiroquai  - Cosmic Girl.mp3,sendung_01/audio/26__Jamiroquai  - Cosmic Girl.mp3,5497298,9c8349dbf9b9e3b299b9a893417ad48aaa9018032009e494c9972baa79204349
27,07_downtempo,/mnt/storage/03_MEDIEN/schattenmacher/Musik/Daniel Musique/Music/Unknown Artist/Unknown Album/14. Domino & Chillout - Поцелуй.mp3,sendung_01/audio/27__14. Domino & Chillout - Поцелуй.mp3,6506352,5961132298241ae658f0ba3021b732e3817d0004c3ea3516126dc5085ed60cba
28,07_downtempo,/mnt/storage/03_MEDIEN/schattenmacher/Musik/Daniel Musique/Musica  Don Vito/MUSICA 2000+/Florence_And_The_Machine-Between_Two_Lungs-2CD-2010-CaHeSo/Florence And The Machine  - Cosmic Love.mp3,sendung_01/audio/28__Florence And The Machine  - Cosmic Love.mp3,6790373,60e2b178563833a7ac953cdbc072909cddd90245bec7afa0141e2b390e1853a0
